battery_power,blue,four_g,n_cores,pc,ram,three_g,touch_screen,wifi
1524,0,1,4,20,1936,1,1,1
1725,1,1,2,18,3429,1,1,0
1354,1,1,4,6,2090,1,1,0
764,1,0,8,2,3148,1,1,0
714,1,0,4,2,2302,0,1,1
1355,0,1,5,16,880,1,1,0
772,1,1,4,2,3242,1,1,0
1365,0,1,4,0,1300,1,0,1
1514,1,1,3,4,1037,1,0,1
1329,1,0,6,2,1228,1,0,1
1661,0,0,5,10,2676,0,1,1
1983,1,1,1,11,3897,1,1,1
1948,0,0,1,13,361,0,1,0
1940,1,1,4,1,820,1,1,1
1146,0,1,5,10,291,1,1,1
1813,1,1,3,8,759,1,1,0
1660,0,0,1,6,1531,0,0,0
1526,0,1,7,8,2227,1,1,0
1808,1,0,2,16,2736,0,0,1
961,1,0,6,16,2981,1,1,1
730,1,0,7,10,2812,0,0,0
956,0,1,7,6,3286,1,1,0
957,1,1,2,0,1898,1,1,0
1699,1,0,4,20,1181,1,1,0
594,0,1,5,3,3087,1,1,1
1910,1,0,2,0,309,0,0,1
1420,0,0,8,8,763,0,1,1
707,0,0,3,17,3838,1,0,1
593,0,0,7,7,1692,1,0,0
527,0,0,1,11,1302,0,0,0
1720,0,1,5,20,2522,1,0,1
767,0,1,6,17,2445,1,1,1
1195,1,1,2,14,504,1,1,0
1954,0,0,4,0,700,1,1,1
1702,0,0,5,9,1430,0,0,0
991,0,1,5,6,2014,1,0,0
922,0,1,7,15,1165,1,1,1
1974,0,0,6,12,1433,0,0,0
946,0,1,8,0,2104,1,1,0
891,0,1,6,3,1303,1,1,1
793,1,1,8,2,1050,1,1,1
1731,1,1,6,18,3892,1,1,1
1793,0,1,5,17,2803,1,1,1
577,0,1,6,20,814,1,1,1
1004,0,1,8,1,1012,1,1,1
804,1,1,1,13,2027,1,0,0
1841,1,0,8,8,2304,0,0,1
1970,1,1,2,0,1658,1,1,1
1442,0,0,3,19,2227,1,1,0
1918,0,0,1,5,1369,0,1,1
1540,0,0,7,12,1591,1,0,1
1449,1,0,6,0,2036,0,1,0
1421,0,1,1,2,2775,1,0,1
1880,0,1,4,1,2968,1,1,0
832,0,1,5,5,447,1,1,0
1576,0,0,3,16,336,1,1,1
1082,0,0,8,5,2337,0,1,1
1283,1,0,5,5,2698,1,1,0
1957,0,0,3,16,3801,1,0,1
1077,1,0,7,13,3902,1,0,0
579,1,0,8,10,2908,0,0,1
1872,1,0,2,2,2295,0,0,1
936,0,1,3,17,3761,1,0,0
947,0,1,2,13,2842,1,0,0
1368,0,1,1,20,1590,1,0,0
1478,1,0,5,17,1141,0,0,1
1406,0,1,3,5,3915,1,0,1
770,1,0,4,9,3473,0,0,1
1023,1,1,8,7,2086,1,1,1
1425,0,1,8,14,590,1,1,1
1303,0,1,3,10,2574,1,1,1
1110,0,1,3,16,2572,1,0,1
1496,1,0,4,14,1927,0,0,1
932,1,1,4,2,1459,1,1,0
1329,1,1,8,6,2308,1,1,0
1726,1,0,4,3,2239,1,0,1
1561,1,1,3,10,1205,1,1,0
1068,0,1,5,1,1754,1,0,1
1454,0,0,3,20,1300,0,0,1
1514,0,0,3,1,1152,0,1,1
772,0,1,7,11,2782,1,0,0
1546,1,1,1,4,3521,1,0,0
748,1,1,8,4,2126,1,0,0
659,0,1,8,2,3925,1,1,1
1089,0,0,7,20,2620,1,0,0
1811,1,1,4,16,2700,1,1,1
633,1,1,8,1,3560,1,1,1
832,1,1,1,8,1666,1,1,1
1362,0,0,7,9,995,0,1,1
1497,1,0,3,9,1329,1,1,0
1644,0,1,8,0,2360,1,0,0
1584,1,0,4,15,1561,0,0,1
709,1,0,1,0,1973,0,1,1
667,0,1,6,10,3566,1,0,1
1126,1,1,6,3,2050,1,1,1
918,0,0,7,5,1652,1,1,0
1656,1,1,7,17,1499,1,0,1
1672,1,1,8,4,1348,1,1,1
1616,1,0,5,8,657,1,1,0
1714,0,0,2,10,3707,0,0,1
618,0,0,1,14,2262,0,1,0
1219,0,0,6,7,1998,0,0,0
1876,0,1,6,14,2513,1,1,0
1911,0,1,8,3,3057,1,1,0
1559,1,1,6,17,3352,1,1,1
1018,1,0,5,18,3048,0,0,1
907,1,0,3,12,3911,0,0,0
1905,0,1,3,20,1287,1,0,0
1852,0,1,1,18,3970,1,0,1
1569,0,0,1,13,3538,1,0,1
1175,0,0,2,12,3153,1,0,0
892,1,1,1,18,1241,1,0,1
1426,1,1,1,7,2562,1,0,0
1062,0,0,3,4,911,0,0,0
1845,1,0,1,12,1731,0,0,0
1394,1,1,5,13,473,1,1,0
516,1,0,1,12,3731,0,0,0
1220,1,0,7,20,1037,1,0,0
1993,1,1,8,11,2437,1,0,0
1504,0,1,4,9,1788,1,0,1
1799,1,0,4,2,720,1,1,1
1319,1,1,1,18,2227,1,1,1
875,0,0,7,7,756,0,0,0
1002,0,1,6,18,961,1,0,1
1619,1,1,1,9,1641,1,0,0
1156,1,1,3,16,2735,1,0,1
1225,1,0,4,12,3836,0,0,0
848,1,1,4,16,2289,1,1,1
878,1,1,4,18,3497,1,1,0
1454,1,1,4,10,719,1,1,1
744,0,1,4,2,2700,1,0,0
972,1,1,3,4,1900,1,0,1
1822,0,0,6,0,2577,1,1,0
1811,1,0,6,0,348,1,0,1
580,1,0,3,1,3451,1,1,0
1569,0,0,4,20,1260,1,0,0
1695,0,1,3,9,446,1,1,1
1851,0,0,6,2,2678,1,0,0
885,0,1,7,0,1410,1,1,1
673,1,1,6,14,3541,1,0,1
819,1,1,8,1,1094,1,0,0
591,0,1,7,20,704,1,1,1
1044,1,0,4,13,1816,1,0,1
1139,1,1,2,11,1850,1,0,0
920,1,0,3,3,2608,0,0,1
1232,0,0,6,14,1656,1,1,1
1361,1,0,5,2,2495,0,0,1
1659,0,0,1,20,3255,0,0,1
702,0,1,3,3,2955,1,0,0
984,0,1,3,20,841,1,0,0
1994,1,0,2,7,1836,1,0,0
718,0,0,6,13,1824,1,1,0
1454,0,0,8,20,1713,0,0,0
1848,1,1,2,10,3902,1,0,1
1093,0,1,2,12,1646,1,1,0
1836,1,0,6,16,3097,0,1,0
1487,0,1,2,7,2003,1,0,0
1976,1,0,4,19,2470,0,0,0
1914,0,0,8,2,643,1,0,1
1062,0,1,4,4,1345,1,0,1
1755,1,1,7,2,3937,1,0,1
1928,0,0,5,16,696,1,1,1
1007,1,1,8,12,1301,1,1,0
1844,1,0,8,3,1724,0,1,1
834,0,1,1,16,1591,1,1,0
713,0,0,1,14,928,0,0,1
1130,1,1,1,14,432,1,1,1
1414,1,0,2,6,3490,0,1,0
801,1,0,7,4,1617,0,0,1
603,1,0,3,16,3703,0,0,1
1456,0,0,3,20,3624,1,1,0
1949,0,0,5,1,2478,1,0,0
831,0,1,5,11,1704,1,1,1
970,1,0,7,19,3675,0,0,0
840,0,1,6,8,2636,1,1,0
1043,0,0,8,17,1183,1,0,0
1809,1,1,3,4,2324,1,0,1
1834,0,1,4,11,3692,1,1,0
1974,0,0,7,13,861,1,0,1
1269,1,0,2,15,665,0,0,0
589,1,1,8,4,362,1,1,1
1986,0,0,3,9,3165,1,0,0
879,1,1,6,15,349,1,0,1
1660,0,1,2,3,2402,1,1,1
571,0,1,3,8,2587,1,0,0
1661,1,1,7,2,864,1,0,1
1567,0,0,3,19,3991,1,0,0
852,1,1,5,7,1275,1,0,1
530,0,0,6,20,959,0,1,0
605,0,1,3,16,392,1,0,0
536,0,1,7,14,284,1,1,0
622,0,1,2,0,3916,1,0,1
1886,0,1,3,1,1179,1,0,1
767,0,0,4,10,527,0,1,0
684,1,1,5,9,3756,1,1,1
560,0,0,2,20,2150,1,1,0
1583,0,0,2,4,2498,0,0,1
1034,1,0,7,20,3625,0,1,1
860,1,0,7,18,1870,1,0,0
553,0,1,3,3,2981,1,0,0
1188,1,1,2,0,2896,1,0,1
587,1,0,1,16,2777,1,1,0
507,1,0,7,11,1702,1,1,1
664,1,1,7,4,3629,1,1,1
569,1,1,3,19,2351,1,1,0
1744,1,1,8,3,1205,1,0,0
1689,1,0,5,15,2637,1,0,0
1509,0,0,4,8,1540,1,1,0
983,0,1,4,11,2052,1,0,1
742,1,0,8,1,331,1,0,0
1089,1,1,5,15,2765,1,0,1
1072,1,0,8,16,2715,0,1,0
1343,0,1,8,10,462,1,1,1
1147,0,0,6,13,2627,1,0,1
1742,1,0,1,9,1947,1,0,1
1254,1,1,1,10,3011,1,1,0
775,1,0,7,10,2523,1,0,1
1547,0,0,2,8,505,0,1,1
1658,1,1,5,0,2609,1,0,0
1745,0,1,3,0,1308,1,1,0
1572,0,1,7,8,2462,1,0,0
1056,1,1,3,11,2651,1,1,1
1640,1,1,7,14,337,1,1,0
673,1,1,1,5,2050,1,1,0
1143,0,1,3,6,1214,1,1,0
640,0,0,4,15,2844,1,1,0
1049,1,0,5,17,1022,0,0,0
555,1,0,5,12,343,0,1,1
1379,1,1,8,13,1693,1,0,1
584,1,1,4,4,3996,1,1,1
1379,1,1,1,17,651,1,1,0
1470,0,1,7,10,1633,1,0,0
1965,1,0,4,3,2032,1,1,1
916,1,0,4,12,1470,0,1,0
1203,1,1,2,12,1672,1,1,0
956,0,0,7,11,3700,1,1,0
694,1,0,4,20,3676,1,0,1
1967,0,1,1,7,1567,1,1,0
1923,0,1,4,6,2519,1,0,1
1554,0,0,6,18,2184,1,0,1
625,1,1,4,8,3323,1,1,1
835,0,1,5,18,2583,1,1,1
1487,0,1,3,12,2563,1,0,0
1461,0,1,7,4,3799,1,0,0
1658,1,1,1,5,3483,1,0,1
1071,0,0,4,5,3393,1,0,0
930,1,1,8,10,2016,1,1,1
1981,1,0,6,18,1380,0,1,0
674,1,0,3,4,1180,1,1,1
1230,1,1,7,2,1622,1,1,1
1229,0,0,2,16,1667,0,0,1
657,0,0,2,1,1412,0,1,0
1762,0,0,4,10,1380,1,0,0
558,1,1,5,4,392,1,1,1
1162,0,1,7,1,1652,1,0,0
1992,1,0,1,14,3206,1,1,0
1250,1,0,7,20,1882,0,0,0
897,0,0,1,2,2948,0,0,1
1924,0,1,6,0,3646,1,0,1
614,0,1,4,7,1930,1,0,1
781,1,0,2,7,3862,0,0,0
977,1,0,6,7,1206,0,1,1
1617,1,1,1,9,296,1,0,0
712,1,1,2,14,3612,1,0,0
1170,1,1,2,13,715,1,0,1
1382,1,1,2,18,2073,1,0,1
805,1,0,4,14,418,0,1,1
1703,1,1,5,19,2993,1,1,1
612,1,0,5,12,3169,0,0,0
561,1,0,8,10,3421,1,1,1
1703,1,1,6,7,793,1,1,0
1236,0,1,1,14,1406,1,0,1
1042,0,1,7,18,3215,1,1,1
1413,1,1,5,6,2973,1,0,1
1735,0,0,2,17,2392,1,0,1
1656,0,1,3,7,1629,1,1,0
853,1,1,2,16,3701,1,1,0
832,1,1,5,2,3946,1,1,1
1349,1,0,6,12,2367,1,0,1
1095,1,1,4,5,3209,1,1,1
601,1,1,4,13,532,1,1,1
1142,1,0,6,0,1747,0,1,0
1611,0,1,1,10,3078,1,0,1
856,1,1,6,19,650,1,0,1
1944,0,1,7,10,769,1,0,1
1425,1,1,3,2,3771,1,0,1
504,1,0,1,9,701,1,0,1
882,0,1,6,16,751,1,0,1
1707,0,0,7,2,1774,0,0,0
1195,0,1,4,9,980,1,0,0
948,0,0,4,7,2926,1,1,1
1215,0,0,4,8,2632,0,0,1
877,0,1,7,0,2004,1,1,1
1172,0,1,1,3,1477,1,0,0
1550,1,0,7,5,1571,0,0,0
1020,1,1,4,4,3204,1,0,1
1646,0,1,2,5,686,1,1,0
920,0,0,7,14,785,0,1,1
1695,0,0,5,10,3296,0,0,0
793,1,1,4,2,2296,1,1,0
1308,0,1,3,7,3355,1,0,1
1122,0,1,7,14,1456,1,1,0
1318,1,1,2,7,755,1,0,1
775,1,1,7,14,1719,1,1,1
1122,0,0,3,4,1402,0,1,0
1722,1,0,6,19,2376,0,0,1
1578,0,0,1,20,3483,1,0,0
1134,1,1,4,19,3632,1,1,0
1806,1,1,1,11,3142,1,0,1
1231,0,0,1,7,3119,1,1,0
596,0,0,1,18,2505,1,1,0
1899,1,0,2,0,336,1,0,1
1970,0,1,8,19,2372,1,1,0
603,0,0,6,20,1543,1,1,0
616,1,1,7,4,3267,1,0,0
1913,1,0,5,4,2023,1,1,0
1391,0,1,1,6,3139,1,1,0
930,1,1,6,10,2457,1,1,0
723,1,0,1,7,2339,0,1,1
1312,1,0,6,0,3833,0,1,0
1277,1,1,6,6,3559,1,1,0
1138,0,1,8,17,3475,1,0,0
814,1,0,2,10,1944,1,0,0
769,1,0,8,4,1877,0,0,1
1617,1,0,6,20,3685,0,0,0
763,0,1,8,14,1050,1,1,0
798,0,1,2,12,1647,1,0,0
1811,1,1,2,8,2847,1,0,1
1266,0,1,3,12,2532,1,1,1
517,0,1,4,8,3704,1,0,1
614,0,1,7,2,3487,1,1,1
1880,1,1,3,5,3333,1,0,0
1330,0,1,4,12,3269,1,1,0
726,0,0,8,0,1446,1,1,0
868,1,0,4,7,1519,0,0,1
1000,0,1,5,12,862,1,0,0
1039,1,0,8,13,3105,0,1,1
1373,1,0,7,12,3800,1,0,0
543,0,0,5,4,2413,1,0,0
539,0,0,4,2,1326,1,1,0
504,1,0,2,10,2378,1,0,0
574,0,0,6,17,3269,0,1,0
930,1,1,4,16,2131,1,0,1
1083,1,1,8,2,3248,1,0,1
793,0,1,2,15,2332,1,1,1
1277,0,1,4,3,429,1,1,1
1849,1,0,7,12,3330,1,0,1
509,1,1,5,15,513,1,0,0
1170,1,0,8,15,1073,1,1,0
1219,0,0,5,4,705,0,1,1
668,0,0,8,12,2399,1,1,1
1321,1,1,8,9,1464,1,1,1
1630,1,1,6,1,1751,1,0,1
1110,0,0,5,2,456,1,1,0
645,0,0,7,10,2962,1,1,1
1159,1,1,1,7,2246,1,1,0
1632,1,0,4,1,2614,1,0,0
1625,1,1,8,17,670,1,0,0
1558,1,1,5,3,878,1,1,1
793,0,1,4,7,3139,1,1,1
771,1,1,3,17,920,1,1,1
1576,1,1,2,4,3220,1,1,0
805,0,0,6,2,3647,1,0,1
704,1,1,1,10,1122,1,1,1
1074,0,1,6,14,1948,1,1,1
1540,0,1,7,1,1161,1,0,0
1642,0,1,6,17,2984,1,0,1
966,1,1,4,10,2574,1,0,1
757,0,1,4,7,3237,1,0,1
518,0,0,7,1,2832,1,0,1
686,1,0,4,1,1503,0,0,0
1237,1,0,4,12,2528,0,0,0
1633,0,1,2,19,511,1,1,0
1368,0,0,7,18,2496,0,1,1
1464,0,1,6,8,1277,1,0,0
1397,0,1,3,15,1378,1,1,1
1493,0,0,5,16,2083,0,1,1
1783,1,0,8,11,1816,0,0,1
1237,0,0,8,5,2454,1,1,1
924,0,1,8,6,1620,1,0,0
1874,1,0,2,9,1218,0,1,0
1187,1,1,2,9,3917,1,0,1
1528,0,0,8,3,733,1,1,0
612,1,1,8,6,3282,1,1,1
1510,1,0,2,13,887,0,0,0
1524,0,0,2,12,947,0,1,1
502,0,0,6,8,2666,1,1,0
1250,1,1,5,18,3314,1,1,1
1201,1,1,6,5,726,1,1,0
912,1,0,8,5,2330,0,1,0
627,0,0,3,8,896,0,0,0
1165,1,0,6,12,764,1,0,0
1163,0,0,2,0,2768,0,0,1
1007,0,0,5,2,3648,0,0,0
860,1,1,6,13,3869,1,1,1
1589,0,0,3,16,2373,1,1,0
1177,0,0,4,7,1887,1,1,1
1934,1,1,1,17,2940,1,1,1
1812,1,1,7,15,3338,1,1,1
1331,0,0,3,15,1732,1,0,1
1310,0,0,5,11,2518,0,1,1
721,0,1,4,9,530,1,0,1
1347,0,0,1,19,2456,1,1,1
1654,1,1,2,0,3112,1,1,0
1926,1,1,3,2,2488,1,0,0
1398,0,1,1,12,3488,1,1,0
1205,1,0,6,10,953,0,1,1
1929,1,1,6,2,1913,1,1,0
1201,1,0,7,7,495,1,1,1
993,1,0,7,13,1113,0,0,1
950,1,0,5,10,1095,0,1,0
797,1,0,4,6,590,0,1,0
1065,1,1,2,2,3078,1,0,1
1721,1,1,4,5,707,1,1,1
1696,0,0,3,2,523,0,1,1
1589,1,1,7,7,3464,1,1,1
973,1,1,7,16,2977,1,0,0
1090,0,0,4,16,1352,0,1,0
599,1,1,8,1,3396,1,0,0
1148,0,1,5,20,3127,1,0,0
1966,1,0,8,18,1185,0,1,0
1127,1,1,1,13,2048,1,1,1
598,0,0,2,10,3293,1,0,1
1052,0,0,4,16,552,0,0,1
753,1,1,8,20,3484,1,0,0
528,0,1,2,15,3256,1,1,0
1263,0,0,5,18,1183,0,0,1
1715,0,1,8,17,625,1,0,0
1796,0,0,4,6,1642,0,1,1
1407,0,1,4,6,1068,1,1,0
966,0,1,2,10,3534,1,1,1
1569,0,0,3,16,3672,1,0,1
1821,0,1,8,10,3220,1,0,1
1807,1,0,1,10,1906,0,1,1
523,0,0,8,2,1427,0,1,0
873,1,0,7,9,575,1,0,1
713,1,1,8,9,485,1,1,1
1048,1,1,2,19,1458,1,0,1
1157,1,0,8,8,2885,1,0,1
1938,1,0,2,9,3497,0,1,0
819,0,1,6,20,1814,1,0,1
1482,0,0,7,10,2971,1,1,1
1397,0,0,6,18,3137,1,1,1
1095,1,0,1,5,560,1,1,0
1766,1,1,8,4,3297,1,0,0
1054,0,1,6,12,1675,1,1,1
1891,0,1,7,14,3704,1,0,0
1395,0,0,3,1,2571,1,0,1
1939,1,1,4,10,1047,1,1,0
1097,0,0,3,8,1725,1,0,1
1713,0,0,7,3,2406,1,0,1
561,1,1,3,13,665,1,1,0
1136,0,1,6,2,2110,1,0,1
1494,0,1,7,17,1208,1,1,0
1563,0,1,8,0,3660,1,1,0
1083,0,0,2,20,681,1,1,1
786,0,0,7,6,2390,1,0,1
1972,0,0,2,1,2870,0,0,0
1327,0,0,7,16,872,1,1,1
1577,0,1,5,4,2060,1,0,0
1310,1,0,8,9,1175,0,0,0
565,0,0,2,8,2156,1,1,1
1589,0,1,1,18,2612,1,0,0
857,1,0,7,9,3100,1,1,0
1166,1,0,1,11,3887,1,0,1
771,1,0,4,6,770,0,1,0
1662,0,1,4,13,3760,1,1,1
1866,0,1,1,17,373,1,0,1
1405,0,0,4,7,2376,0,1,0
794,0,0,3,19,2171,0,0,1
634,1,0,1,12,3242,1,0,1
894,0,1,3,14,3615,1,0,1
583,1,0,8,2,1799,0,1,0
1373,1,1,6,12,2752,1,1,1
852,0,1,5,9,315,1,0,0
1617,1,1,2,4,829,1,0,0
1163,1,0,5,20,1568,1,0,0
1606,0,0,4,4,3454,0,0,1
1208,0,1,1,19,2201,1,0,0
1667,0,1,2,0,635,1,0,0
1885,0,1,4,15,1277,1,0,1
1860,1,0,4,16,3918,0,1,0
1603,1,1,2,8,1637,1,0,1
1827,1,0,7,9,2693,0,1,1
1592,0,1,2,17,2103,1,0,0
508,0,1,1,8,663,1,0,0
584,1,1,3,0,465,1,1,0
856,0,1,1,7,2439,1,1,1
1447,1,0,8,16,568,0,0,0
1831,0,0,5,5,3834,1,1,1
642,1,1,5,10,435,1,1,0
595,0,1,2,18,1593,1,0,1
994,0,0,2,17,3104,0,0,0
965,1,0,8,19,3227,1,0,0
1590,0,1,5,18,1701,1,0,1
1342,0,1,7,1,2746,1,1,0
1436,1,1,5,4,2488,1,0,0
1097,0,1,7,15,2219,1,0,1
1142,1,1,4,0,1273,1,0,0
1837,0,0,4,20,770,0,0,1
1676,0,0,1,3,2515,1,0,1
733,0,1,7,10,1403,1,1,0
1723,1,0,8,14,3587,1,0,0
1980,0,1,1,13,3865,1,0,0
1093,0,1,8,14,1869,1,1,1
1345,1,1,3,11,1322,1,0,0
1959,0,0,6,20,619,1,1,1
1195,1,1,6,6,643,1,0,0
559,1,0,5,14,2019,1,1,1
1240,0,0,2,9,3260,0,0,1
1339,1,0,2,1,2382,1,0,1
1924,0,1,2,10,3423,1,0,0
1567,0,0,6,6,2312,1,0,0
1445,1,0,7,14,1099,1,0,0
600,0,0,5,2,1655,0,0,0
841,1,0,6,13,2942,0,1,1
1276,1,0,2,3,3798,1,1,1
1128,1,0,8,7,1440,1,0,0
1960,1,0,7,9,3773,0,1,1
1020,0,1,3,18,1142,1,0,1
1086,1,1,6,1,3285,1,1,0
712,0,0,2,11,2001,1,1,1
725,0,0,8,17,1326,1,0,0
825,1,0,3,10,3534,0,1,0
1778,0,0,3,0,1214,1,0,0
1076,0,1,5,0,2355,1,1,1
1965,1,1,5,13,2973,1,1,1
1976,1,0,2,7,3699,0,1,1
1313,1,0,1,6,3791,0,1,1
1205,0,0,4,6,860,1,0,1
850,1,1,5,19,593,1,0,1
1261,1,1,4,0,348,1,0,1
689,0,1,2,6,1241,1,0,0
1698,0,1,2,18,1656,1,0,1
843,1,1,5,17,2341,1,1,1
1358,0,0,3,1,440,1,0,0
1413,1,0,6,6,2867,0,1,0
891,0,1,2,19,2073,1,0,1
1061,1,1,7,4,999,1,1,0
846,1,1,4,15,2248,1,0,0
1827,0,1,5,16,2844,1,1,0
1408,1,0,4,6,3162,1,0,0
1697,1,1,1,3,3701,1,1,0
1310,1,0,5,14,3182,1,1,0
617,1,0,7,20,2213,0,0,0
1620,1,1,3,3,606,1,0,0
1946,0,0,8,19,3117,1,0,0
1562,1,0,8,1,2096,0,0,0
1869,0,1,1,13,1375,1,0,0
602,0,0,8,18,2189,0,1,0
571,1,1,6,11,555,1,0,1
1741,1,0,8,0,3387,1,0,0
625,0,0,8,3,2929,1,0,0
875,1,0,8,8,702,1,1,1
1350,1,1,8,4,2287,1,1,0
1590,0,1,4,15,2836,1,0,0
648,1,1,5,20,3124,1,0,0
1902,0,0,8,9,343,0,1,0
1723,1,1,3,17,1213,1,1,1
1926,1,1,6,17,3809,1,1,0
867,1,1,4,0,2157,1,0,0
1281,1,0,1,6,1129,0,1,0
1492,1,0,3,7,2259,0,1,1
1882,0,1,8,19,3579,1,1,0
1239,0,1,2,10,417,1,0,1
1986,0,1,4,20,1377,1,1,1
1762,1,1,1,14,1896,1,1,1
1413,0,1,5,12,3878,1,0,0
1156,0,0,7,9,1796,0,1,1
1792,1,1,7,8,2563,1,0,1
1628,0,1,6,8,3361,1,0,0
1708,1,1,1,19,3388,1,1,1
1741,1,1,5,3,2575,1,1,1
1086,0,1,8,19,3930,1,1,1
763,1,1,5,12,2865,1,1,1
1366,1,1,5,9,3869,1,0,1
1836,1,1,7,15,3072,1,1,0
1777,1,0,6,5,3868,0,1,1
723,0,1,4,3,1851,1,0,0
1589,1,0,4,4,3961,1,0,1
1193,1,0,3,17,2394,1,1,0
1484,0,0,3,5,1457,1,1,0
1372,1,0,4,17,725,1,0,0
915,0,1,3,20,378,1,1,0
635,1,1,5,13,2107,1,0,0
914,1,0,2,12,808,1,1,0
911,0,0,4,4,2933,0,1,0
596,0,0,8,15,3238,0,0,0
1485,0,1,2,9,2147,1,1,0
972,1,0,5,8,1615,0,1,0
1602,0,1,1,5,1862,1,0,1
1855,0,0,8,18,3933,1,0,1
1786,0,1,7,10,2764,1,1,1
536,1,1,3,0,1211,1,0,1
1299,0,0,8,6,1412,0,1,1
1109,1,0,1,12,2785,1,0,0
587,1,1,1,17,2746,1,0,1
1369,1,0,1,18,3206,0,0,0
1494,0,1,1,17,3614,1,0,0
1413,0,1,1,0,515,1,1,0
1117,0,0,7,8,2895,1,1,0
640,0,1,8,20,2711,1,1,0
582,0,0,3,10,2437,1,1,1
1447,0,0,2,5,471,0,0,1
1144,1,0,1,11,3252,0,0,0
618,1,1,2,1,2574,1,1,0
1027,1,0,7,11,1234,1,0,1
1872,1,0,3,15,1955,1,0,1
659,0,1,8,10,2190,1,1,0
1541,1,1,5,15,1108,1,0,1
1206,0,1,3,13,1825,1,0,1
761,1,0,7,15,2248,1,1,1
1541,1,1,4,10,1795,1,1,1
1260,0,1,6,6,2710,1,1,0
1995,1,0,1,15,1322,0,1,1
1638,0,0,1,11,2299,1,1,1
1979,1,1,3,9,411,1,1,1
713,0,1,2,8,2082,1,0,0
1191,0,1,6,9,824,1,0,0
550,1,1,2,17,302,1,0,0
808,1,0,8,15,1082,1,0,1
1840,0,0,1,16,1078,0,0,0
919,0,0,1,15,1028,1,0,0
1782,1,1,1,13,2405,1,0,1
783,0,1,3,4,2016,1,1,0
1245,1,0,5,3,2676,1,0,0
1210,0,0,5,0,2394,0,0,0
516,0,1,5,7,819,1,1,1
1790,0,0,1,14,1366,1,1,1
1380,1,1,3,13,797,1,1,0
1001,0,0,3,7,3654,1,1,1
618,1,1,3,7,2399,1,1,1
1628,1,0,2,13,3358,1,1,1
1183,1,1,8,12,1152,1,0,0
1092,0,0,1,10,1303,0,1,1
894,0,1,3,15,2829,1,0,1
665,1,1,5,2,690,1,0,0
1234,0,0,6,15,3351,0,0,1
689,0,0,5,11,3585,1,0,0
1317,0,0,2,9,425,1,1,1
539,0,1,6,8,3948,1,1,1
1322,0,0,3,9,1418,0,1,0
869,1,1,1,15,2727,1,0,0
1519,0,0,1,10,2912,1,1,0
1224,1,0,1,18,3796,1,1,0
1110,0,1,8,5,624,1,0,0
1595,0,0,1,20,908,0,0,1
1751,0,0,6,20,2969,0,0,1
1966,0,1,1,16,1252,1,1,1
570,1,0,7,5,3663,0,0,0
1968,0,0,3,7,2323,0,0,1
908,0,0,5,2,3518,1,1,1
1864,0,1,1,2,2258,1,0,0
1664,1,1,7,19,1968,1,0,0
1030,1,1,1,8,2800,1,0,1
1175,1,1,2,7,2240,1,1,0
1522,1,0,1,5,1368,1,0,1
1046,1,1,8,0,3863,1,1,1
1490,1,1,8,8,3600,1,1,1
871,0,0,3,3,437,1,0,0
697,0,1,2,6,259,1,1,1
932,0,0,7,2,3817,1,1,1
1349,0,0,5,16,2756,1,0,0
511,0,1,3,18,2378,1,0,0
1027,0,1,2,7,3786,1,0,0
816,0,0,1,3,3851,1,0,1
1285,0,1,7,2,2094,1,0,0
571,0,0,7,20,2598,1,1,0
1560,0,1,7,1,1938,1,1,1
1039,0,0,8,9,1742,1,0,0
615,1,0,6,4,2211,0,0,1
888,0,1,2,17,3407,1,0,0
1254,1,1,2,10,817,1,1,1
947,1,1,2,15,2915,1,1,1
668,0,0,5,13,2746,1,1,1
537,1,1,7,2,2029,1,1,1
1549,1,1,5,7,436,1,0,0
1697,0,1,4,0,441,1,1,0
1375,0,1,2,3,1947,1,1,1
538,0,1,7,7,2215,1,1,1
894,0,0,8,20,3377,1,1,1
1290,0,0,6,4,1214,0,1,1
1702,1,1,2,19,595,1,0,1
1180,1,1,4,20,1464,1,1,1
1029,1,1,5,8,582,1,1,1
1753,0,1,1,18,1324,1,0,1
1533,1,1,4,20,2520,1,0,1
1210,1,0,4,20,1886,1,0,1
1763,0,1,4,20,2066,1,1,1
1138,0,1,3,14,2048,1,1,1
1831,1,1,7,14,2460,1,0,0
1220,0,0,4,8,2589,1,1,1
1452,1,1,6,11,2669,1,0,0
1726,1,1,5,3,1868,1,0,0
601,1,1,4,11,2651,1,0,1
1948,0,0,5,10,3630,0,1,0
1949,1,1,5,9,832,1,0,0
1081,1,0,3,17,325,0,0,1
940,0,0,4,1,2192,1,1,1
1275,1,1,1,9,3784,1,1,0
1288,0,1,6,6,1882,1,0,1
1184,0,1,1,6,3315,1,1,1
1407,1,1,4,4,2192,1,0,1
1749,1,1,1,8,2195,1,0,1
1290,1,1,4,20,879,1,0,0
1087,0,1,3,9,690,1,0,1
1671,0,0,8,18,815,1,1,1
1655,1,1,3,12,673,1,0,0
1337,1,0,4,1,3242,0,1,0
1289,0,1,6,12,1043,1,1,0
803,0,0,4,1,2801,0,1,0
1783,0,0,6,8,387,0,1,0
1702,1,1,2,15,2501,1,0,0
825,1,0,3,18,716,0,1,0
902,1,0,7,9,3411,0,0,1
1469,0,1,2,14,1687,1,1,1
578,1,1,8,8,1270,1,0,1
880,0,0,8,15,3132,0,1,1
1519,0,0,7,8,2440,1,1,1
1648,1,1,2,3,1184,1,0,1
727,1,1,7,1,1891,1,0,1
580,1,0,4,5,3565,1,0,1
1766,1,0,8,20,2316,0,0,1
574,1,1,6,2,1303,1,0,1
1802,1,0,5,16,1885,1,1,0
1332,0,1,7,19,2790,1,1,0
1489,0,0,3,1,1663,1,0,1
1315,1,0,7,16,3278,0,0,0
1708,0,1,4,16,1247,1,0,0
1906,1,0,3,4,1871,1,0,1
1989,1,0,8,15,2369,1,1,0
1554,0,1,5,12,509,1,0,0
1928,1,1,3,20,3777,1,1,1
1441,0,1,8,17,2317,1,0,1
959,1,0,4,16,3328,1,1,1
730,0,0,4,15,2787,1,0,1
1686,1,0,5,8,780,0,0,0
1663,1,0,4,15,1336,1,0,0
1523,1,1,1,8,707,1,1,0
681,0,1,5,19,2548,1,0,1
594,1,0,5,2,708,0,1,1
1719,1,0,3,1,2610,1,1,1
1872,1,0,3,14,2419,0,0,0
759,0,1,2,8,968,1,0,0
1356,0,0,6,0,3702,0,0,0
1070,1,0,7,16,2647,0,1,0
1171,1,0,7,19,263,0,0,0
899,1,1,4,11,2870,1,0,1
544,1,1,5,15,1675,1,1,0
912,1,1,4,11,851,1,1,1
1703,1,1,1,0,1046,1,0,1
654,1,1,4,4,1036,1,0,0
1414,1,1,4,1,2290,1,1,0
618,0,0,1,4,1051,0,0,1
1312,0,1,2,0,1087,1,0,0
1631,0,1,7,12,301,1,0,0
930,0,0,1,13,1743,0,1,0
999,0,1,4,13,3083,1,1,1
1930,1,0,8,12,1783,0,0,1
981,1,0,3,7,1539,0,0,0
1221,0,1,7,19,2638,1,1,1
1839,1,1,7,11,927,1,0,1
1713,0,1,7,17,971,1,0,0
676,0,1,1,5,2064,1,0,0
1180,1,1,6,1,348,1,1,1
818,0,0,6,15,546,1,1,1
1673,0,0,3,10,3669,1,0,1
1631,0,1,2,16,2173,1,1,0
987,0,1,3,9,3963,1,0,1
965,1,0,8,2,2343,1,0,0
1450,0,0,5,4,794,0,1,1
1392,0,1,4,2,1280,1,0,1
802,0,0,5,6,3063,0,1,0
658,1,1,7,3,3587,1,0,0
987,0,0,7,3,1454,1,1,0
1323,1,1,4,12,1892,1,1,1
1308,0,0,1,12,488,0,1,0
1600,0,1,4,16,2073,1,1,0
802,1,0,3,9,3713,0,0,0
1066,0,1,5,7,1044,1,0,0
1049,0,1,6,10,433,1,0,0
1152,1,1,2,0,3284,1,0,1
1083,1,1,5,9,1338,1,1,1
504,1,0,7,9,1607,1,1,1
1770,1,0,6,5,3785,1,0,1
1063,1,1,5,2,3809,1,0,1
730,1,1,5,10,3623,1,1,0
926,1,1,7,14,256,1,0,1
1483,0,1,7,2,1851,1,1,0
718,0,1,1,7,1754,1,0,1
563,0,0,7,12,3012,1,0,0
1150,1,1,1,17,1610,1,0,0
600,1,1,2,15,3495,1,1,0
811,1,1,6,13,2111,1,0,1
1347,0,1,6,15,3836,1,0,1
781,0,0,5,7,3508,0,0,1
586,0,0,3,11,2592,0,0,0
1874,1,0,7,13,1246,0,0,1
1725,0,1,6,12,1243,1,1,1
1788,0,1,6,16,2321,1,1,0
1512,0,1,3,2,3366,1,0,1
1135,1,0,1,4,3029,1,1,1
1265,0,1,1,5,1518,1,0,1
816,1,0,3,13,1018,1,0,0
1467,1,0,5,0,3962,1,1,1
1961,1,0,7,20,2355,1,1,1
686,1,0,6,15,570,0,1,0
532,1,0,5,10,728,1,1,0
1530,0,0,6,13,725,0,0,1
1652,1,0,4,5,2338,0,0,0
741,0,0,5,13,1886,1,1,1
609,1,1,1,16,2581,1,0,1
755,1,1,4,12,2734,1,0,1
1647,0,1,6,15,2532,1,0,1
743,0,1,2,1,316,1,0,0
768,1,1,1,20,952,1,0,1
1804,0,1,7,19,3472,1,0,1
648,1,1,4,4,819,1,0,0
1571,0,1,6,1,666,1,1,0
1158,0,1,2,20,1542,1,0,1
829,0,0,7,1,820,1,0,1
1154,0,1,1,13,1470,1,0,0
581,0,0,5,6,2819,0,0,1
1271,1,0,7,15,445,0,0,1
1577,0,1,3,7,2967,1,1,1
1368,1,0,7,7,2941,0,1,0
1597,1,1,1,19,2130,1,1,0
1197,1,0,5,10,2885,1,1,1
1333,0,1,7,5,3442,1,1,0
797,0,0,7,2,2216,1,0,0
1572,1,1,5,8,3461,1,1,1
1884,0,1,1,18,3619,1,1,1
1988,1,1,8,1,3144,1,0,0
1724,1,1,2,1,3056,1,0,0
955,0,0,5,8,1432,1,1,1
1170,0,0,6,5,2366,1,1,1
1309,0,0,4,14,2334,1,0,1
1623,1,1,7,12,1510,1,1,0
831,1,1,8,9,2573,1,0,1
1898,0,1,7,4,2114,1,1,1
1715,0,1,5,6,514,1,0,0
1897,0,1,8,2,273,1,1,1
1881,0,0,5,7,1229,1,0,0
1058,0,0,4,14,418,0,0,1
1271,0,0,8,3,990,0,1,1
815,0,0,6,12,3469,1,0,1
1824,1,1,2,5,2381,1,0,0
1692,0,1,1,6,1394,1,1,0
1289,0,1,6,17,3167,1,1,0
1263,1,1,2,2,3372,1,1,0
1547,1,0,1,3,1620,0,1,1
1660,0,1,8,8,2424,1,1,0
1375,1,1,7,19,3869,1,1,1
962,0,0,1,20,1491,1,0,0
737,1,0,4,16,2951,0,1,0
564,0,0,2,3,2227,1,0,1
501,0,1,4,19,2346,1,0,1
1830,1,0,6,6,1905,1,1,1
1727,1,0,6,18,512,0,0,0
1645,1,0,7,2,783,1,0,0
1991,1,0,3,12,1511,0,0,0
1279,1,1,6,6,1150,1,0,0
1878,1,0,8,19,1334,0,0,0
668,0,1,1,19,1201,1,1,0
1190,1,0,6,10,624,1,1,1
1412,0,0,3,10,1853,0,0,1
672,1,0,5,20,1457,1,0,1
1166,0,1,4,1,3993,1,1,0
1843,1,1,6,18,3213,1,1,0
1868,1,1,8,17,298,1,1,0
1624,1,0,3,11,1251,0,1,1
1044,0,1,6,5,1794,1,1,1
909,1,0,3,10,594,1,1,1
1979,1,0,7,1,452,0,1,0
946,1,0,3,20,3720,0,1,0
1718,1,1,5,16,3755,1,1,1
1732,1,1,8,9,1308,1,0,1
1248,0,1,3,8,2454,1,1,0
1472,0,0,6,10,985,1,1,0
1742,1,1,3,7,1921,1,1,0
917,1,1,6,2,3424,1,1,0
1444,1,0,1,1,712,0,0,0
1983,1,0,6,10,2775,0,1,1
1057,1,1,4,10,2033,1,1,0
1901,1,1,2,17,368,1,0,0
1945,0,0,6,5,3322,0,0,1
1742,0,1,7,12,2610,1,0,1
1504,0,0,1,2,3059,0,1,0
545,0,1,3,1,616,1,1,1
1063,0,0,6,7,2668,0,0,0
1423,0,0,5,13,2253,0,0,0
1944,1,1,4,9,2322,1,0,1
822,1,1,6,20,3846,1,0,0
1479,1,1,6,0,3762,1,0,0
1617,0,1,2,10,2754,1,1,1
1369,1,0,1,7,3856,0,1,1
1595,1,1,4,20,3881,1,0,1
1773,1,1,6,18,3566,1,0,1
1788,1,1,6,20,2655,1,0,1
902,1,0,5,14,3654,0,1,1
928,1,0,8,13,666,0,1,0
554,1,0,6,10,3764,0,1,1
667,1,1,6,13,2855,1,0,1
1897,1,1,2,7,412,1,0,0
989,1,1,8,17,2819,1,0,1
1076,1,1,6,8,891,1,1,0
858,0,0,1,2,3978,1,1,0
1821,1,1,2,14,1411,1,1,0
1216,0,0,3,7,2268,0,1,1
1075,0,0,1,16,3927,1,0,0
1665,1,1,6,18,1601,1,0,0
1010,1,1,5,3,2625,1,1,0
1283,1,1,3,15,773,1,1,0
1816,1,0,5,2,3637,0,0,1
921,0,0,2,3,1080,0,0,1
1557,0,0,5,20,2690,0,0,1
946,0,1,6,15,2177,1,1,1
1062,1,0,1,13,3803,0,0,1
854,0,1,4,9,3115,1,0,0
582,0,0,3,11,2977,0,1,1
1859,0,0,1,7,1067,1,0,0
1935,0,1,5,9,455,1,0,1
775,0,0,2,16,568,1,1,1
783,1,1,6,11,1185,1,1,1
600,0,1,1,11,3441,1,0,0
980,1,1,6,0,2268,1,1,0
1678,1,0,1,14,574,1,0,0
768,0,0,2,1,1145,0,0,1
1522,0,0,6,11,3767,0,0,1
1969,0,1,8,20,315,1,1,0
1253,0,1,4,10,3518,1,1,1
1125,1,0,1,14,1641,1,1,0
1588,0,1,1,13,3272,1,1,0
987,1,1,3,8,2757,1,1,0
914,1,1,5,4,3736,1,0,0
1066,0,1,7,18,468,1,1,0
1694,0,0,6,0,1653,1,0,0
1724,0,1,3,5,2822,1,1,0
1564,0,1,6,16,3742,1,1,0
1872,1,0,7,18,3153,1,1,0
1193,0,0,1,20,536,1,0,1
1197,0,1,6,7,1797,1,1,1
503,0,1,3,13,2583,1,0,0
591,1,1,6,17,3746,1,1,0
664,0,1,2,19,3774,1,0,0
1005,0,0,8,17,3884,0,1,1
616,0,1,3,17,3366,1,1,0
962,1,0,8,20,3438,0,0,0
1414,0,0,7,3,3799,1,0,1
561,1,1,7,6,2974,1,0,1
543,1,1,5,7,933,1,1,0
1135,1,0,1,11,3204,1,0,0
546,1,0,5,15,1550,0,1,0
787,1,0,1,16,2934,1,0,1
731,1,1,8,0,1774,1,0,0
1800,1,0,1,12,656,0,0,1
925,1,0,1,14,2466,1,0,0
1565,1,0,5,1,308,1,1,1
1524,1,0,4,1,2678,1,0,1
904,0,0,6,7,545,0,0,0
1975,1,1,8,11,2998,1,1,0
1371,0,0,4,19,3034,0,0,0
999,0,0,1,17,1598,0,1,0
1379,0,0,8,17,3912,0,1,1
1760,0,1,1,2,2549,1,1,0
1154,0,1,7,14,587,1,1,1
564,0,1,3,1,1074,1,1,0
1002,1,0,7,7,1234,1,1,0
1064,0,1,6,13,654,1,0,0
1188,1,0,6,2,485,0,1,0
1554,1,0,3,12,3635,0,0,0
1320,0,0,5,16,2893,0,0,1
1654,0,0,7,2,1070,1,1,1
911,1,0,5,1,363,0,1,0
1776,1,0,4,16,1813,1,1,1
1348,1,0,6,6,2554,0,1,0
958,1,1,1,12,1417,1,0,1
1821,0,1,1,18,2430,1,1,1
739,1,1,3,4,475,1,0,1
1306,1,1,3,9,2521,1,0,0
1712,0,0,7,12,3652,1,0,0
1159,0,0,4,8,2115,0,0,0
683,0,0,4,17,2622,0,0,1
986,1,1,4,20,1149,1,1,0
1501,0,1,1,15,2487,1,1,1
1189,1,0,3,14,893,1,1,0
987,1,0,7,17,3885,1,1,0
1136,1,0,6,19,3210,1,1,1
1745,0,1,3,16,2885,1,1,1
1991,0,1,1,13,722,1,1,0
769,0,1,4,19,941,1,0,1
1692,1,1,6,12,1354,1,0,0
1890,0,1,4,5,2392,1,0,1
1763,0,0,3,19,792,1,0,1
959,1,0,5,14,3073,1,1,1
855,1,1,2,3,1875,1,1,1
969,0,0,7,0,404,1,0,1
880,0,0,4,19,3006,1,0,0
1949,0,0,5,4,1125,0,0,0
1805,1,0,4,2,1276,0,1,0
1444,0,0,5,17,2540,1,1,1
1558,1,1,1,1,3598,1,0,1
990,1,0,2,7,2698,1,0,0
1494,0,1,5,4,3208,1,0,0
1996,0,1,4,9,2236,1,0,1
808,0,0,4,1,3762,1,0,1
512,1,0,3,15,2610,0,1,1
1987,1,1,3,7,3117,1,1,1
1861,1,1,7,8,601,1,0,0
717,1,0,1,5,688,0,1,0
1695,1,1,5,13,1629,1,1,0
714,1,1,3,6,1164,1,1,0
1278,1,1,3,16,3141,1,1,1
1843,0,1,3,7,3899,1,0,1
1106,1,0,3,9,2674,1,0,1
560,0,0,8,15,2360,0,1,1
586,1,1,7,17,1869,1,1,1
1113,0,0,1,10,277,1,0,1
1842,1,0,4,10,3721,0,1,1
1083,1,0,5,5,1543,0,0,1
1520,0,1,5,8,3233,1,0,1
1778,0,1,6,11,3941,1,0,0
704,0,0,6,6,3653,1,1,1
1751,0,0,8,9,1155,0,1,1
1449,0,1,1,12,1032,1,1,1
1469,0,1,7,8,1571,1,0,0
1864,0,0,6,6,3586,0,0,1
1712,1,0,7,19,1422,1,1,0
1131,1,0,5,18,1835,1,1,0
848,1,1,7,18,3359,1,0,0
535,0,1,1,4,740,1,1,0
955,1,0,4,10,1974,1,1,0
1502,1,0,5,12,3693,1,1,0
1117,1,0,2,19,1999,1,0,1
904,0,1,3,4,1360,1,0,0
1791,1,1,5,4,594,1,0,1
1620,0,0,6,18,1086,1,0,0
1108,1,1,7,20,1229,1,1,0
1846,1,0,1,2,1333,0,1,1
615,1,0,5,8,1906,1,0,0
1895,0,1,1,11,774,1,1,0
1476,0,1,2,2,3644,1,0,1
1057,0,0,5,13,3705,1,0,0
1954,0,0,3,9,3438,1,0,0
1720,1,0,2,3,1222,0,0,0
1456,0,1,8,10,3998,1,1,0
576,1,1,5,7,2938,1,1,1
942,0,0,4,9,587,0,1,1
1179,1,1,2,12,340,1,0,0
1262,0,0,5,16,3248,0,1,1
682,1,0,4,11,2337,0,1,1
1753,0,0,4,11,1112,1,1,1
1864,0,1,1,12,2686,1,1,1
1607,0,1,2,8,885,1,1,0
1602,0,0,1,13,3622,0,1,1
721,1,0,1,18,1713,0,1,1
641,1,1,1,3,3595,1,1,1
1483,1,0,7,19,1587,0,0,0
1129,1,1,2,10,1400,1,1,0
1867,0,1,6,3,990,1,0,1
1137,1,0,3,19,3616,1,1,1
1510,1,0,5,3,3484,0,1,1
1278,1,0,8,16,1155,0,0,1
1608,0,0,2,13,489,0,0,1
510,0,0,3,6,2509,0,1,1
1108,0,0,5,12,3254,1,0,0
1544,0,1,8,20,1300,1,1,0
718,1,1,3,12,1601,1,1,1
1498,1,1,7,4,3358,1,0,0
1048,1,1,1,4,2146,1,0,0
623,0,1,3,1,3510,1,0,1
696,1,1,3,13,2022,1,0,1
1973,1,0,4,10,639,0,0,1
965,1,0,2,14,1138,0,1,0
1211,1,0,2,3,2750,0,1,0
1112,1,0,4,16,3655,1,1,0
936,1,1,2,6,2049,1,1,0
880,1,0,2,2,1414,1,1,0
865,0,0,4,12,3494,0,0,1
720,1,1,7,8,2799,1,0,1
1542,0,0,2,11,3601,0,0,0
534,1,1,7,9,2706,1,1,0
1430,1,0,3,5,752,0,0,1
820,0,0,4,4,1284,0,0,1
1672,1,1,1,20,1267,1,1,0
1375,1,0,1,13,2890,0,0,0
732,1,1,8,7,3883,1,0,1
1179,1,0,5,17,543,0,0,1
1949,0,0,4,7,1433,0,0,1
1310,0,0,1,14,1301,0,0,1
1883,1,1,2,10,3724,1,1,1
742,0,0,7,14,3557,0,1,1
1194,0,1,2,12,313,1,1,0
1218,1,0,7,14,1667,0,0,0
1727,0,1,7,8,2457,1,0,1
1176,1,1,2,10,1534,1,0,0
1927,0,0,8,12,2916,0,1,1
504,1,1,5,14,2085,1,0,0
1657,1,0,5,16,2597,1,0,0
848,1,0,7,3,436,1,1,1
1627,0,1,6,16,3206,1,1,0
1729,1,0,1,6,1519,1,0,1
1719,1,0,8,7,462,0,0,0
1379,0,1,2,16,2358,1,1,0
1972,1,0,8,2,2872,1,0,1
1779,1,0,1,3,1246,0,1,0
680,1,1,2,17,3845,1,1,1
1825,0,1,4,18,3130,1,0,1
964,0,1,8,0,2577,1,1,0
1181,0,1,2,16,2020,1,1,0
569,1,0,1,1,2651,0,0,0
903,0,1,1,0,711,1,1,0
1416,1,0,4,0,3872,0,0,1
1872,0,0,6,6,724,1,0,1
1537,1,1,1,5,3685,1,1,1
1221,0,1,1,7,2438,1,1,1
618,0,1,3,20,2339,1,1,0
1753,0,1,7,17,1445,1,1,1
1579,1,0,6,18,1713,1,1,1
685,0,0,7,10,728,0,0,1
1261,0,1,2,9,1365,1,0,1
722,0,0,6,20,2359,0,0,0
662,0,0,1,10,2125,0,1,1
1448,1,1,7,11,3378,1,1,1
1043,1,0,3,8,912,0,1,0
1997,1,0,4,8,1655,1,0,0
765,0,1,7,0,1066,1,1,0
1520,1,1,8,18,3826,1,1,1
1856,0,1,5,1,2052,1,1,0
1356,1,0,1,19,3451,1,1,1
1103,0,0,6,8,1837,0,1,1
1800,1,1,7,6,3481,1,0,1
1097,0,0,1,17,509,1,0,0
633,1,1,6,10,1401,1,1,0
1820,1,0,7,10,2481,0,0,0
578,1,1,5,13,2977,1,1,1
867,0,1,6,1,790,1,1,0
1433,1,1,5,11,2132,1,0,1
1472,1,0,6,19,2677,1,0,0
1589,0,0,5,2,3430,1,1,1
1546,1,1,2,6,267,1,1,0
1065,0,1,5,3,1193,1,0,1
1266,0,0,7,2,398,1,1,1
1084,1,1,3,11,1945,1,1,0
893,0,0,2,1,2986,0,1,1
1793,0,0,5,13,1370,1,0,1
1889,0,1,1,10,3672,1,1,1
635,1,0,7,17,2452,1,0,0
1653,0,1,4,6,3955,1,1,1
1969,0,0,4,11,298,1,1,0
1149,1,0,6,5,3755,1,0,0
1876,0,1,3,4,3021,1,0,0
586,0,0,2,5,3646,1,1,1
969,0,1,3,7,641,1,0,1
518,1,1,6,0,2514,1,1,1
1332,0,0,2,4,1285,1,1,0
1814,0,1,2,2,3556,1,0,0
1975,1,0,1,17,3022,0,0,1
691,1,1,4,8,424,1,1,1
688,0,0,7,3,3745,0,1,0
1335,1,0,2,4,3615,1,0,0
1284,1,0,2,14,2197,0,1,1
1236,1,1,4,18,942,1,1,1
709,0,0,5,11,3568,0,0,1
637,0,1,4,4,374,1,0,1
1536,0,0,7,20,2020,1,1,0
1615,1,0,1,13,2948,1,1,0
1593,1,1,8,0,1354,1,1,1
1872,0,1,4,10,2273,1,0,1
1595,1,0,8,19,3608,0,1,0
712,1,1,2,10,2190,1,1,1
1154,0,1,8,2,978,1,0,1
508,0,0,6,2,2616,1,1,1
1517,0,1,5,14,2822,1,1,1
1076,0,0,5,4,2043,0,0,0
868,0,0,4,0,1653,1,0,0
609,0,0,4,4,1866,1,1,1
674,1,1,3,0,589,1,1,0
1403,1,0,4,13,921,1,0,0
1422,0,0,1,17,509,1,1,1
1591,1,1,6,7,3703,1,1,0
560,1,1,3,12,2167,1,0,1
589,1,0,4,10,2113,1,0,1
659,0,1,8,6,967,1,0,1
1162,0,0,4,10,1404,1,1,1
1549,1,0,5,7,1998,1,1,0
1892,1,0,4,10,2172,1,1,1
513,1,1,4,12,1343,1,1,0
1068,0,1,8,9,1209,1,1,0
1348,0,0,3,20,955,1,1,1
1936,1,1,7,14,1671,1,0,1
1164,1,0,1,6,3859,0,1,0
1523,1,1,2,6,3971,1,1,1
695,0,1,2,19,2855,1,1,1
1563,0,0,7,13,3922,0,0,1
1640,0,1,8,11,3235,1,0,1
1224,1,1,2,9,621,1,1,1
1410,1,1,3,1,2304,1,1,0
701,1,0,3,11,1756,1,1,1
618,1,1,4,15,1424,1,1,0
1989,0,1,3,13,1665,1,1,1
1166,0,1,5,4,2488,1,0,0
553,1,1,2,1,3300,1,0,0
1430,0,0,1,16,2832,0,1,1
1009,1,0,8,14,1716,0,0,0
703,1,1,1,20,1472,1,0,0
1366,1,1,2,9,3501,1,0,0
1396,0,0,7,1,2389,0,0,1
608,1,0,4,0,2517,1,1,1
1476,1,1,4,5,1529,1,0,1
1940,1,0,5,7,2297,0,1,0
1207,0,0,8,0,503,1,1,0
1663,1,1,4,14,2084,1,0,0
1077,0,1,3,4,1965,1,1,0
1446,1,1,8,1,3340,1,1,1
1317,0,0,5,3,3436,0,1,1
1604,1,1,5,2,1464,1,1,0
1497,1,1,8,20,3696,1,0,1
1119,0,1,4,1,3520,1,0,0
1114,0,1,3,15,907,1,1,0
1878,0,1,5,13,2711,1,1,1
688,1,0,3,2,391,1,1,1
1337,0,0,2,20,2180,1,0,1
1596,0,0,2,9,2493,1,1,1
675,0,0,7,2,2953,1,1,0
767,0,1,4,12,2317,1,1,1
1494,0,1,2,9,3202,1,0,0
1956,0,1,3,2,1109,1,1,0
667,0,0,1,7,2528,0,1,0
765,0,1,8,1,2243,1,0,1
1937,1,0,1,19,3321,1,1,0
1451,1,1,8,12,3038,1,0,1
1568,1,0,8,20,508,1,1,1
1199,1,1,4,20,3448,1,0,1
1414,0,0,4,20,312,0,0,1
1018,0,0,8,10,3143,0,1,0
837,0,0,5,15,594,1,0,1
1600,0,0,6,9,1179,0,0,1
1807,0,1,8,0,323,1,1,1
1875,1,1,1,17,2712,1,0,1
1685,0,0,7,15,881,0,1,1
1588,1,1,5,20,2506,1,0,0
977,1,0,2,15,3714,0,1,1
774,1,1,3,18,3916,1,1,0
1717,1,0,1,3,3226,0,1,0
645,0,1,4,14,3615,1,0,1
1883,0,0,1,16,3563,0,0,0
1273,1,0,6,14,558,1,0,0
881,0,0,3,6,2110,1,1,1
906,0,0,2,11,3412,1,0,0
864,0,1,3,7,1904,1,1,1
1991,0,1,1,13,1861,1,1,1
1971,1,0,7,19,571,1,1,0
826,1,1,4,1,2863,1,0,1
1934,1,1,4,16,2190,1,0,1
771,0,0,1,8,1628,0,1,0
984,1,1,7,17,898,1,1,0
598,1,1,8,9,3066,1,1,0
1986,1,1,7,19,3476,1,1,0
1642,1,0,5,2,1333,0,0,1
1802,0,1,7,9,696,1,1,0
1671,0,1,2,11,2336,1,0,0
1686,1,0,4,4,2958,0,0,0
1428,1,0,4,2,1808,0,1,0
1701,1,0,8,7,2598,0,1,0
1512,1,0,1,14,3002,0,0,1
1002,0,1,2,4,1726,1,0,1
1949,1,0,7,11,356,0,0,0
1314,1,1,7,1,3033,1,1,1
1807,1,0,3,0,2921,0,1,0
869,0,0,2,4,3864,1,0,0
569,0,0,8,9,2811,1,0,1
833,1,0,1,6,2150,0,1,1
1186,1,0,8,4,2361,1,0,0
638,0,0,4,17,2735,1,1,0
555,1,1,2,10,1686,1,0,1
1830,0,0,6,12,2334,0,1,0
1564,0,1,6,17,1496,1,1,1
525,1,0,8,11,1891,0,1,0
1866,0,0,3,0,3834,0,0,0
1063,1,1,6,10,961,1,1,0
645,0,1,8,17,714,1,1,0
1175,1,0,7,9,1944,1,1,0
1108,1,0,2,12,3264,0,1,1
1868,0,1,1,4,3131,1,1,1
557,1,0,3,0,1305,1,0,1
649,1,1,7,12,739,1,1,0
672,0,1,8,17,1403,1,0,0
511,1,1,8,13,3265,1,0,0
1296,0,0,7,4,2552,1,1,1
774,1,1,1,4,2614,1,1,1
826,1,1,2,17,1907,1,0,0
541,0,1,4,0,1019,1,1,0
1023,1,1,7,8,3155,1,1,1
534,0,0,5,16,2466,0,1,1
1438,0,1,7,6,869,1,1,1
1101,0,0,2,7,2196,0,1,1
1549,1,0,4,4,799,1,0,1
1602,0,1,7,7,1829,1,0,0
874,0,0,1,20,582,0,0,0
1744,0,1,1,0,345,1,0,0
809,0,0,7,19,1274,0,0,0
1614,0,1,3,17,3914,1,0,0
1579,1,0,7,9,3532,0,0,1
1635,0,1,4,0,2315,1,1,0
530,1,0,6,2,1229,0,1,0
568,0,0,3,4,950,1,0,0
1413,0,0,5,11,3383,0,0,0
1034,0,1,3,4,969,1,0,0
1359,0,0,2,6,3142,0,1,1
1035,1,0,5,15,3548,0,1,1
1815,0,0,4,17,1482,1,0,0
897,1,1,8,10,1958,1,1,0
842,0,0,2,2,2549,0,0,1
1285,0,1,5,7,3966,1,1,1
1559,1,1,8,17,2203,1,1,1
1156,1,1,2,0,470,1,1,0
1450,1,0,1,17,575,0,0,0
1030,0,1,6,20,2858,1,1,1
915,0,0,8,17,905,0,1,0
827,1,1,6,17,2367,1,0,1
1485,1,1,5,1,3241,1,1,0
612,1,0,7,7,3161,0,0,0
513,0,0,8,13,3400,0,1,1
1159,0,1,8,18,2495,1,1,1
1670,1,0,8,20,3024,0,0,1
1713,1,1,6,16,1513,1,0,1
1344,0,0,1,3,2074,1,1,0
685,0,0,6,20,1223,1,0,1
733,0,0,4,12,2648,1,1,0
1109,1,0,1,9,1524,1,1,1
696,0,0,3,8,2630,0,0,1
1006,0,1,4,8,909,1,0,1
986,1,1,8,3,2385,1,0,0
1059,0,0,8,1,619,0,1,1
1944,1,1,6,18,584,1,1,0
1457,0,1,3,10,1440,1,0,1
1242,1,0,4,9,318,1,0,0
660,0,1,2,10,588,1,1,1
1008,0,0,1,14,1083,0,0,0
1837,0,1,8,6,2294,1,0,1
1922,0,1,8,16,3564,1,0,0
764,0,1,8,11,1341,1,0,0
1527,0,1,5,14,2078,1,1,1
1182,0,1,8,16,2563,1,0,0
1866,1,1,5,9,1444,1,0,0
1387,0,1,3,0,629,1,1,0
865,0,0,3,9,2361,1,0,1
600,0,0,3,7,3393,1,0,0
1489,0,0,1,16,776,0,0,0
840,0,0,6,7,2072,0,1,0
1367,0,0,2,6,299,0,1,0
1987,1,0,8,18,857,1,1,0
1379,0,1,2,7,3426,1,1,1
1441,0,1,1,12,1393,1,1,1
1848,0,0,2,19,3915,0,0,1
1936,0,1,3,20,2552,1,0,0
1336,0,1,5,9,1869,1,1,1
1735,1,1,6,0,3230,1,1,0
1829,1,1,5,7,2080,1,0,1
687,1,1,4,20,3416,1,1,0
1681,1,0,2,13,1122,0,1,1
1923,0,0,4,4,2479,1,1,0
1900,1,1,1,1,3917,1,0,1
576,0,0,8,5,2800,0,1,1
1191,0,0,1,7,1028,1,1,1
1021,0,0,2,12,1355,1,1,0
519,1,1,4,19,3763,1,0,1
1678,0,1,3,11,278,1,1,0
1876,0,1,3,19,3132,1,1,1
581,0,1,2,10,354,1,1,1
1358,0,0,7,0,3406,0,0,1
1035,1,0,6,10,2002,1,1,0
1012,0,0,4,6,2802,1,1,0
1772,1,0,8,15,1834,0,1,1
1358,1,1,4,14,3068,1,1,0
511,0,1,2,10,3865,1,0,1
1604,1,0,8,5,916,0,1,1
1624,0,0,2,10,2473,1,0,0
663,0,0,2,1,3176,1,0,1
724,0,0,7,0,2311,1,0,0
651,1,1,5,4,2244,1,1,0
1082,0,0,4,20,2177,0,1,0
635,1,0,3,4,2973,0,0,1
1994,0,1,8,7,3622,1,0,1
1067,1,0,7,0,706,0,1,0
705,1,1,6,9,1509,1,1,1
1973,0,1,4,6,1993,1,0,0
1880,1,0,4,14,1930,0,1,0
1996,1,1,5,4,1258,1,0,0
1271,0,0,1,1,892,0,1,0
1688,0,1,7,0,3984,1,1,1
1059,0,0,3,18,3716,1,1,0
1036,1,0,7,3,2101,0,1,0
614,1,1,7,7,2854,1,0,1
729,1,0,6,2,3397,1,0,1
1334,1,1,5,14,2542,1,0,0
994,1,0,3,3,3190,1,1,1
1566,1,0,2,0,659,1,1,1
1150,1,0,8,1,999,1,1,0
710,1,0,5,9,1419,0,1,0
1172,1,0,3,7,1107,0,0,0
1362,1,0,6,4,3629,0,1,1
1849,1,1,5,19,3447,1,0,1
506,0,1,1,7,2965,1,0,0
995,0,0,4,3,609,1,0,1
728,0,0,4,1,2039,1,1,1
1944,1,1,4,10,2560,1,0,0
1851,1,1,6,11,735,1,0,1
1015,1,0,3,14,2293,0,1,0
1698,0,1,6,20,796,1,0,1
914,1,1,4,0,1122,1,1,1
1470,1,0,1,9,3259,1,0,1
1003,1,1,8,19,1798,1,0,0
1784,0,0,6,20,2313,0,1,0
1259,0,0,2,0,340,1,0,1
1130,0,0,1,8,315,1,1,0
798,0,0,3,9,2965,1,1,0
1862,0,0,1,2,1017,1,0,0
1641,0,0,8,7,1695,1,0,1
1680,1,1,4,7,1459,1,1,0
1510,0,0,3,8,854,1,0,1
1099,0,1,3,20,1699,1,1,1
951,0,1,2,17,1083,1,1,0
843,0,0,7,4,1734,0,0,1
1694,1,1,7,7,2298,1,1,0
1269,1,0,8,17,2341,0,0,1
557,0,0,6,4,2623,0,0,0
1611,1,0,3,14,1595,1,0,1
643,0,1,8,12,2648,1,1,1
1799,0,1,3,9,445,1,1,0
1709,1,0,2,2,3283,1,0,0
1265,0,0,5,16,1362,0,0,1
1330,0,0,7,1,1733,1,0,1
1481,1,1,5,13,2945,1,1,1
1396,1,0,4,15,2694,0,0,1
823,1,0,8,4,294,0,0,1
1260,1,1,7,10,2208,1,0,1
1100,1,0,8,14,757,1,1,1
1610,1,1,4,12,941,1,1,0
1801,0,0,6,10,258,1,0,0
1965,0,1,7,9,3535,1,1,1
733,1,0,7,10,984,1,0,1
840,0,1,7,19,3486,1,1,0
1133,0,0,5,12,1457,1,0,1
934,0,0,5,12,1017,0,0,1
1325,1,1,4,8,3707,1,1,0
1581,1,0,4,19,1384,0,1,1
798,1,0,2,15,3593,0,1,0
1982,0,0,7,16,3511,1,1,1
1992,1,1,2,15,606,1,1,1
967,1,0,8,9,3076,0,1,1
1908,0,1,2,19,2944,1,0,1
1538,1,1,7,7,1494,1,1,1
1515,1,1,5,6,3104,1,0,0
916,1,1,4,1,1659,1,1,0
675,0,0,5,15,1735,1,0,1
1575,0,1,7,20,2182,1,1,0
1512,0,1,5,5,869,1,1,1
504,0,0,3,0,470,1,0,0
1268,1,1,6,17,931,1,1,0
1053,1,1,1,12,3086,1,1,1
1587,1,0,8,15,461,1,0,1
1454,1,0,4,3,3419,1,1,0
708,1,1,8,7,2169,1,1,1
514,1,0,3,7,687,1,1,1
1569,1,1,4,6,3905,1,0,0
790,0,1,6,17,3169,1,0,1
754,0,1,7,10,1027,1,0,0
1021,1,1,3,6,2631,1,1,0
999,1,1,4,1,1344,1,0,0
1615,0,0,4,16,3488,0,0,1
1154,0,1,5,16,3262,1,0,0
963,0,1,3,3,2722,1,0,0
1820,1,1,1,3,574,1,1,0
623,0,0,3,4,3657,1,1,0
1576,1,1,3,0,1379,1,0,1
1073,1,0,7,0,2908,0,1,0
547,0,0,5,4,2705,1,1,0
1963,1,1,2,17,714,1,0,1
1432,1,1,4,18,504,1,1,0
1132,0,0,1,4,1950,0,1,1
1602,1,1,3,20,1037,1,0,0
695,0,1,8,8,2282,1,1,0
1178,1,0,5,0,2511,0,0,0
1002,0,0,1,10,1295,1,0,1
1009,1,1,7,15,2286,1,0,0
1137,0,1,5,7,316,1,0,0
531,1,1,4,3,2331,1,0,1
643,1,1,1,9,2096,1,0,0
1204,1,0,7,3,1724,1,0,0
1972,0,0,7,18,1316,1,1,0
1754,1,1,4,3,3019,1,0,1
1589,1,1,8,16,3970,1,0,1
1936,0,0,3,3,1400,0,0,1
1442,0,1,5,3,1513,1,1,0
1503,1,1,4,14,2122,1,0,0
1578,0,1,4,19,2458,1,0,1
1731,1,0,4,20,1220,0,1,0
1786,0,0,3,14,3033,0,1,0
